BEGIN TRANSACTION;
CREATE TABLE "accounts_profile" ("id" integer NOT NULL PRIMARY KEY AUTOINCREMENT, "role" varchar(10) NOT NULL, "tuteur_id" bigint NULL REFERENCES "accounts_profile" ("id") DEFERRABLE INITIALLY DEFERRED, "user_id" integer NOT NULL UNIQUE REFERENCES "auth_user" ("id") DEFERRABLE INITIALLY DEFERRED);
INSERT INTO "accounts_profile" VALUES(1,'tuteur',NULL,1);
INSERT INTO "accounts_profile" VALUES(2,'etudiant',1,2);
INSERT INTO "accounts_profile" VALUES(3,'etudiant',1,3);
INSERT INTO "accounts_profile" VALUES(4,'etudiant',1,4);
CREATE TABLE "auth_group" ("id" integer NOT NULL PRIMARY KEY AUTOINCREMENT, "name" varchar(150) NOT NULL UNIQUE);
CREATE TABLE "auth_group_permissions" ("id" integer NOT NULL PRIMARY KEY AUTOINCREMENT, "group_id" integer NOT NULL REFERENCES "auth_group" ("id") DEFERRABLE INITIALLY DEFERRED, "permission_id" integer NOT NULL REFERENCES "auth_permission" ("id") DEFERRABLE INITIALLY DEFERRED);
CREATE TABLE "auth_permission" ("id" integer NOT NULL PRIMARY KEY AUTOINCREMENT, "content_type_id" integer NOT NULL REFERENCES "django_content_type" ("id") DEFERRABLE INITIALLY DEFERRED, "codename" varchar(100) NOT NULL, "name" varchar(255) NOT NULL);
INSERT INTO "auth_permission" VALUES(1,1,'add_logentry','Can add log entry');
INSERT INTO "auth_permission" VALUES(2,1,'change_logentry','Can change log entry');
INSERT INTO "auth_permission" VALUES(3,1,'delete_logentry','Can delete log entry');
INSERT INTO "auth_permission" VALUES(4,1,'view_logentry','Can view log entry');
INSERT INTO "auth_permission" VALUES(5,2,'add_permission','Can add permission');
INSERT INTO "auth_permission" VALUES(6,2,'change_permission','Can change permission');
INSERT INTO "auth_permission" VALUES(7,2,'delete_permission','Can delete permission');
INSERT INTO "auth_permission" VALUES(8,2,'view_permission','Can view permission');
INSERT INTO "auth_permission" VALUES(9,3,'add_group','Can add group');
INSERT INTO "auth_permission" VALUES(10,3,'change_group','Can change group');
INSERT INTO "auth_permission" VALUES(11,3,'delete_group','Can delete group');
INSERT INTO "auth_permission" VALUES(12,3,'view_group','Can view group');
INSERT INTO "auth_permission" VALUES(13,4,'add_user','Can add user');
INSERT INTO "auth_permission" VALUES(14,4,'change_user','Can change user');
INSERT INTO "auth_permission" VALUES(15,4,'delete_user','Can delete user');
INSERT INTO "auth_permission" VALUES(16,4,'view_user','Can view user');
INSERT INTO "auth_permission" VALUES(17,5,'add_contenttype','Can add content type');
INSERT INTO "auth_permission" VALUES(18,5,'change_contenttype','Can change content type');
INSERT INTO "auth_permission" VALUES(19,5,'delete_contenttype','Can delete content type');
INSERT INTO "auth_permission" VALUES(20,5,'view_contenttype','Can view content type');
INSERT INTO "auth_permission" VALUES(21,6,'add_session','Can add session');
INSERT INTO "auth_permission" VALUES(22,6,'change_session','Can change session');
INSERT INTO "auth_permission" VALUES(23,6,'delete_session','Can delete session');
INSERT INTO "auth_permission" VALUES(24,6,'view_session','Can view session');
INSERT INTO "auth_permission" VALUES(25,7,'add_profile','Can add profile');
INSERT INTO "auth_permission" VALUES(26,7,'change_profile','Can change profile');
INSERT INTO "auth_permission" VALUES(27,7,'delete_profile','Can delete profile');
INSERT INTO "auth_permission" VALUES(28,7,'view_profile','Can view profile');
INSERT INTO "auth_permission" VALUES(29,8,'add_cataloguemodule','Can add Module du catalogue');
INSERT INTO "auth_permission" VALUES(30,8,'change_cataloguemodule','Can change Module du catalogue');
INSERT INTO "auth_permission" VALUES(31,8,'delete_cataloguemodule','Can delete Module du catalogue');
INSERT INTO "auth_permission" VALUES(32,8,'view_cataloguemodule','Can view Module du catalogue');
INSERT INTO "auth_permission" VALUES(33,9,'add_categorieevaluation','Can add Catégorie d''évaluation');
INSERT INTO "auth_permission" VALUES(34,9,'change_categorieevaluation','Can change Catégorie d''évaluation');
INSERT INTO "auth_permission" VALUES(35,9,'delete_categorieevaluation','Can delete Catégorie d''évaluation');
INSERT INTO "auth_permission" VALUES(36,9,'view_categorieevaluation','Can view Catégorie d''évaluation');
INSERT INTO "auth_permission" VALUES(37,10,'add_inscription','Can add Inscription');
INSERT INTO "auth_permission" VALUES(38,10,'change_inscription','Can change Inscription');
INSERT INTO "auth_permission" VALUES(39,10,'delete_inscription','Can delete Inscription');
INSERT INTO "auth_permission" VALUES(40,10,'view_inscription','Can view Inscription');
INSERT INTO "auth_permission" VALUES(41,11,'add_modulechoisi','Can add Module choisi');
INSERT INTO "auth_permission" VALUES(42,11,'change_modulechoisi','Can change Module choisi');
INSERT INTO "auth_permission" VALUES(43,11,'delete_modulechoisi','Can delete Module choisi');
INSERT INTO "auth_permission" VALUES(44,11,'view_modulechoisi','Can view Module choisi');
INSERT INTO "auth_permission" VALUES(45,12,'add_note','Can add Note');
INSERT INTO "auth_permission" VALUES(46,12,'change_note','Can change Note');
INSERT INTO "auth_permission" VALUES(47,12,'delete_note','Can delete Note');
INSERT INTO "auth_permission" VALUES(48,12,'view_note','Can view Note');
CREATE TABLE "auth_user" ("id" integer NOT NULL PRIMARY KEY AUTOINCREMENT, "password" varchar(128) NOT NULL, "last_login" datetime NULL, "is_superuser" bool NOT NULL, "username" varchar(150) NOT NULL UNIQUE, "last_name" varchar(150) NOT NULL, "email" varchar(254) NOT NULL, "is_staff" bool NOT NULL, "is_active" bool NOT NULL, "date_joined" datetime NOT NULL, "first_name" varchar(150) NOT NULL);
INSERT INTO "auth_user" VALUES(1,'pbkdf2_sha256$1000000$JUNNC2dvOoQf4WHorySja2$Jsq+Qy7z+Ofub8c5KM79LBLFXE4hwLZlH+of+C0sTPQ=',NULL,0,'sami.sifi','','sami.sifi@esprit.tn',0,1,'2026-05-24 18:10:15.712935','');
INSERT INTO "auth_user" VALUES(2,'pbkdf2_sha256$1000000$uYR27MUKpCJ3r3bUtakLjj$eqHVASZ6wFiN0J+t36YJDDiBctgnbxDtlZ5zBAuL2pI=',NULL,0,'ahmed.benali','','ahmed@esprit.tn',0,1,'2026-05-24 18:10:16.104901','');
INSERT INTO "auth_user" VALUES(3,'pbkdf2_sha256$1000000$OBxIf8q3HdRkVVVCLSr420$8vKtQ20CxPfsxE3tI0QglIOPhknvMnno1QicRYoFUg0=',NULL,0,'sarah.trabelsi','','sarah@esprit.tn',0,1,'2026-05-24 18:10:16.504786','');
INSERT INTO "auth_user" VALUES(4,'pbkdf2_sha256$1000000$tyi4JavqixGe2sexv6tKky$zBFrIIGGNMN0S5xJ/cwyYCptpIeZB7Jqa4zTc4fN7CY=',NULL,0,'mehdi.khalil','','mehdi@esprit.tn',0,1,'2026-05-24 18:10:16.920442','');
CREATE TABLE "auth_user_groups" ("id" integer NOT NULL PRIMARY KEY AUTOINCREMENT, "user_id" integer NOT NULL REFERENCES "auth_user" ("id") DEFERRABLE INITIALLY DEFERRED, "group_id" integer NOT NULL REFERENCES "auth_group" ("id") DEFERRABLE INITIALLY DEFERRED);
CREATE TABLE "auth_user_user_permissions" ("id" integer NOT NULL PRIMARY KEY AUTOINCREMENT, "user_id" integer NOT NULL REFERENCES "auth_user" ("id") DEFERRABLE INITIALLY DEFERRED, "permission_id" integer NOT NULL REFERENCES "auth_permission" ("id") DEFERRABLE INITIALLY DEFERRED);
CREATE TABLE "catalogue_cataloguemodule" ("id" integer NOT NULL PRIMARY KEY AUTOINCREMENT, "intitule" varchar(200) NOT NULL UNIQUE, "coefficient" integer unsigned NOT NULL CHECK ("coefficient" >= 0), "description" text NULL, "est_actif" bool NOT NULL);
INSERT INTO "catalogue_cataloguemodule" VALUES(1,'Algorithmique et Problem Solving',5,'Résolution de problèmes complexes, analyse algorithmique, structures de données avancées',1);
INSERT INTO "catalogue_cataloguemodule" VALUES(2,'Conception orientée objet et programmation Java',6,'POO, héritage, polymorphisme, Java, design patterns',1);
INSERT INTO "catalogue_cataloguemodule" VALUES(3,'Data warehousing',4,'Entrepôts de données, ETL, modélisation dimensionnelle, OLAP',1);
INSERT INTO "catalogue_cataloguemodule" VALUES(4,'Framework Python pour le web',6,'Django, ORM, vues, templates, formulaires, déploiement',1);
INSERT INTO "catalogue_cataloguemodule" VALUES(5,'Fundamentals on Deep Learning',4,'Réseaux de neurones, backpropagation, CNN, RNN',1);
INSERT INTO "catalogue_cataloguemodule" VALUES(6,'Génie logiciel',6,'Méthodes agiles, UML, gestion de projet, qualité logicielle',1);
INSERT INTO "catalogue_cataloguemodule" VALUES(7,'Machine Learning basics',5,'Régression, classification, clustering, évaluation de modèles',1);
INSERT INTO "catalogue_cataloguemodule" VALUES(8,'Multimodal AI',4,'IA multimodale, fusion de données, vision et langage',1);
INSERT INTO "catalogue_cataloguemodule" VALUES(9,'Python pour l''ingénierie des données',5,'Pandas, NumPy, scraping, visualisation, pipelines',1);
INSERT INTO "catalogue_cataloguemodule" VALUES(10,'Système de gestion de base de données',5,'SQL avancé, optimisation, transactions, indexation',1);
INSERT INTO "catalogue_cataloguemodule" VALUES(11,'Techniques d''estimation pour l''ingénieur',5,'Estimation de coûts, analyse de risques, prévision',1);
INSERT INTO "catalogue_cataloguemodule" VALUES(12,'Techniques d''optimisation',5,'Programmation linéaire, optimisation combinatoire, algorithmes gloutons',1);
INSERT INTO "catalogue_cataloguemodule" VALUES(13,'Sécurité des systèmes d''information',8,'Cryptographie, sécurité réseau, authentification, gestion des risques',1);
INSERT INTO "catalogue_cataloguemodule" VALUES(14,'Cloud Computing et DevOps',10,'Virtualisation, conteneurisation, CI/CD, orchestration, infrastructure as code',1);
INSERT INTO "catalogue_cataloguemodule" VALUES(15,'Blockchain et applications décentralisées',12,'Chaînes de blocs, contrats intelligents, consensus, DApps',1);
INSERT INTO "catalogue_cataloguemodule" VALUES(16,'Internet des Objets (IoT)',3,'Capteurs, protocoles IoT, embarqué, traitement de flux',1);
INSERT INTO "catalogue_cataloguemodule" VALUES(17,'Big Data Analytics',7,'Traitement distribué, Spark, Kafka, analyse en temps réel, data lake',1);
INSERT INTO "catalogue_cataloguemodule" VALUES(18,'Cybersécurité offensive',15,'Pentesting, analyse de vulnérabilités, forensique, reverse engineering',1);
CREATE TABLE "catalogue_categorieevaluation" ("id" integer NOT NULL PRIMARY KEY AUTOINCREMENT, "nom" varchar(100) NOT NULL, "poids" integer unsigned NOT NULL CHECK ("poids" >= 0), "module_id" bigint NOT NULL REFERENCES "catalogue_cataloguemodule" ("id") DEFERRABLE INITIALLY DEFERRED);
INSERT INTO "catalogue_categorieevaluation" VALUES(1,'CC',40,1);
INSERT INTO "catalogue_categorieevaluation" VALUES(2,'EXAM',60,1);
INSERT INTO "catalogue_categorieevaluation" VALUES(3,'CC',30,2);
INSERT INTO "catalogue_categorieevaluation" VALUES(4,'TP',30,2);
INSERT INTO "catalogue_categorieevaluation" VALUES(5,'EXAM',40,2);
INSERT INTO "catalogue_categorieevaluation" VALUES(6,'CC',40,3);
INSERT INTO "catalogue_categorieevaluation" VALUES(7,'Projet',30,3);
INSERT INTO "catalogue_categorieevaluation" VALUES(8,'EXAM',30,3);
INSERT INTO "catalogue_categorieevaluation" VALUES(9,'TP',40,4);
INSERT INTO "catalogue_categorieevaluation" VALUES(10,'Projet',60,4);
INSERT INTO "catalogue_categorieevaluation" VALUES(11,'CC',20,5);
INSERT INTO "catalogue_categorieevaluation" VALUES(12,'EXAM',50,5);
INSERT INTO "catalogue_categorieevaluation" VALUES(13,'Projet',30,5);
INSERT INTO "catalogue_categorieevaluation" VALUES(14,'CC',30,6);
INSERT INTO "catalogue_categorieevaluation" VALUES(15,'EXAM',40,6);
INSERT INTO "catalogue_categorieevaluation" VALUES(16,'TP',30,6);
INSERT INTO "catalogue_categorieevaluation" VALUES(17,'CC',40,7);
INSERT INTO "catalogue_categorieevaluation" VALUES(18,'EXAM',60,7);
INSERT INTO "catalogue_categorieevaluation" VALUES(19,'CC',30,8);
INSERT INTO "catalogue_categorieevaluation" VALUES(20,'Projet',40,8);
INSERT INTO "catalogue_categorieevaluation" VALUES(21,'EXAM',30,8);
INSERT INTO "catalogue_categorieevaluation" VALUES(22,'TP',50,9);
INSERT INTO "catalogue_categorieevaluation" VALUES(23,'Projet',50,9);
INSERT INTO "catalogue_categorieevaluation" VALUES(24,'CC',40,10);
INSERT INTO "catalogue_categorieevaluation" VALUES(25,'EXAM',60,10);
INSERT INTO "catalogue_categorieevaluation" VALUES(26,'CC',40,11);
INSERT INTO "catalogue_categorieevaluation" VALUES(27,'EXAM',60,11);
INSERT INTO "catalogue_categorieevaluation" VALUES(28,'CC',40,12);
INSERT INTO "catalogue_categorieevaluation" VALUES(29,'EXAM',60,12);
INSERT INTO "catalogue_categorieevaluation" VALUES(30,'CC',30,13);
INSERT INTO "catalogue_categorieevaluation" VALUES(31,'TP',30,13);
INSERT INTO "catalogue_categorieevaluation" VALUES(32,'EXAM',40,13);
INSERT INTO "catalogue_categorieevaluation" VALUES(33,'TP',50,14);
INSERT INTO "catalogue_categorieevaluation" VALUES(34,'Projet',50,14);
INSERT INTO "catalogue_categorieevaluation" VALUES(35,'CC',20,15);
INSERT INTO "catalogue_categorieevaluation" VALUES(36,'Projet',40,15);
INSERT INTO "catalogue_categorieevaluation" VALUES(37,'EXAM',40,15);
INSERT INTO "catalogue_categorieevaluation" VALUES(38,'CC',40,16);
INSERT INTO "catalogue_categorieevaluation" VALUES(39,'EXAM',60,16);
INSERT INTO "catalogue_categorieevaluation" VALUES(40,'CC',30,17);
INSERT INTO "catalogue_categorieevaluation" VALUES(41,'EXAM',40,17);
INSERT INTO "catalogue_categorieevaluation" VALUES(42,'TP',30,17);
INSERT INTO "catalogue_categorieevaluation" VALUES(43,'TP',40,18);
INSERT INTO "catalogue_categorieevaluation" VALUES(44,'Projet',60,18);
CREATE TABLE "django_admin_log" ("id" integer NOT NULL PRIMARY KEY AUTOINCREMENT, "object_id" text NULL, "object_repr" varchar(200) NOT NULL, "action_flag" smallint unsigned NOT NULL CHECK ("action_flag" >= 0), "change_message" text NOT NULL, "content_type_id" integer NULL REFERENCES "django_content_type" ("id") DEFERRABLE INITIALLY DEFERRED, "user_id" integer NOT NULL REFERENCES "auth_user" ("id") DEFERRABLE INITIALLY DEFERRED, "action_time" datetime NOT NULL);
CREATE TABLE "django_content_type" ("id" integer NOT NULL PRIMARY KEY AUTOINCREMENT, "app_label" varchar(100) NOT NULL, "model" varchar(100) NOT NULL);
INSERT INTO "django_content_type" VALUES(1,'admin','logentry');
INSERT INTO "django_content_type" VALUES(2,'auth','permission');
INSERT INTO "django_content_type" VALUES(3,'auth','group');
INSERT INTO "django_content_type" VALUES(4,'auth','user');
INSERT INTO "django_content_type" VALUES(5,'contenttypes','contenttype');
INSERT INTO "django_content_type" VALUES(6,'sessions','session');
INSERT INTO "django_content_type" VALUES(7,'accounts','profile');
INSERT INTO "django_content_type" VALUES(8,'catalogue','cataloguemodule');
INSERT INTO "django_content_type" VALUES(9,'catalogue','categorieevaluation');
INSERT INTO "django_content_type" VALUES(10,'inscription','inscription');
INSERT INTO "django_content_type" VALUES(11,'inscription','modulechoisi');
INSERT INTO "django_content_type" VALUES(12,'notes','note');
CREATE TABLE "django_migrations" ("id" integer NOT NULL PRIMARY KEY AUTOINCREMENT, "app" varchar(255) NOT NULL, "name" varchar(255) NOT NULL, "applied" datetime NOT NULL);
INSERT INTO "django_migrations" VALUES(1,'contenttypes','0001_initial','2026-05-24 18:10:14.693937');
INSERT INTO "django_migrations" VALUES(2,'auth','0001_initial','2026-05-24 18:10:14.712009');
INSERT INTO "django_migrations" VALUES(3,'accounts','0001_initial','2026-05-24 18:10:14.729557');
INSERT INTO "django_migrations" VALUES(4,'admin','0001_initial','2026-05-24 18:10:14.758390');
INSERT INTO "django_migrations" VALUES(5,'admin','0002_logentry_remove_auto_add','2026-05-24 18:10:14.774916');
INSERT INTO "django_migrations" VALUES(6,'admin','0003_logentry_add_action_flag_choices','2026-05-24 18:10:14.783915');
INSERT INTO "django_migrations" VALUES(7,'contenttypes','0002_remove_content_type_name','2026-05-24 18:10:14.800935');
INSERT INTO "django_migrations" VALUES(8,'auth','0002_alter_permission_name_max_length','2026-05-24 18:10:14.812797');
INSERT INTO "django_migrations" VALUES(9,'auth','0003_alter_user_email_max_length','2026-05-24 18:10:14.824799');
INSERT INTO "django_migrations" VALUES(10,'auth','0004_alter_user_username_opts','2026-05-24 18:10:14.835830');
INSERT INTO "django_migrations" VALUES(11,'auth','0005_alter_user_last_login_null','2026-05-24 18:10:14.850798');
INSERT INTO "django_migrations" VALUES(12,'auth','0006_require_contenttypes_0002','2026-05-24 18:10:14.855797');
INSERT INTO "django_migrations" VALUES(13,'auth','0007_alter_validators_add_error_messages','2026-05-24 18:10:14.865667');
INSERT INTO "django_migrations" VALUES(14,'auth','0008_alter_user_username_max_length','2026-05-24 18:10:14.882981');
INSERT INTO "django_migrations" VALUES(15,'auth','0009_alter_user_last_name_max_length','2026-05-24 18:10:14.898270');
INSERT INTO "django_migrations" VALUES(16,'auth','0010_alter_group_name_max_length','2026-05-24 18:10:14.910834');
INSERT INTO "django_migrations" VALUES(17,'auth','0011_update_proxy_permissions','2026-05-24 18:10:14.919484');
INSERT INTO "django_migrations" VALUES(18,'auth','0012_alter_user_first_name_max_length','2026-05-24 18:10:14.932922');
INSERT INTO "django_migrations" VALUES(19,'catalogue','0001_initial','2026-05-24 18:10:14.946587');
INSERT INTO "django_migrations" VALUES(20,'inscription','0001_initial','2026-05-24 18:10:14.970440');
INSERT INTO "django_migrations" VALUES(21,'inscription','0002_alter_modulechoisi_module_catalogue','2026-05-24 18:10:14.980923');
INSERT INTO "django_migrations" VALUES(22,'notes','0001_initial','2026-05-24 18:10:15.000557');
INSERT INTO "django_migrations" VALUES(23,'sessions','0001_initial','2026-05-24 18:10:15.011895');
CREATE TABLE "django_session" ("session_key" varchar(40) NOT NULL PRIMARY KEY, "session_data" text NOT NULL, "expire_date" datetime NOT NULL);
CREATE TABLE "inscription_inscription" ("id" integer NOT NULL PRIMARY KEY AUTOINCREMENT, "annee_academique" varchar(20) NOT NULL, "statut" varchar(12) NOT NULL, "date_creation" datetime NOT NULL, "etudiant_id" integer NOT NULL REFERENCES "auth_user" ("id") DEFERRABLE INITIALLY DEFERRED);
INSERT INTO "inscription_inscription" VALUES(1,'2025/2026','verrouillee','2026-05-24 18:10:17.763349',2);
INSERT INTO "inscription_inscription" VALUES(2,'2025/2026','verrouillee','2026-05-24 18:10:17.768651',3);
INSERT INTO "inscription_inscription" VALUES(3,'2025/2026','ouverte','2026-05-24 18:10:17.775177',4);
CREATE TABLE "inscription_modulechoisi" ("id" integer NOT NULL PRIMARY KEY AUTOINCREMENT, "inscription_id" bigint NOT NULL REFERENCES "inscription_inscription" ("id") DEFERRABLE INITIALLY DEFERRED, "module_catalogue_id" bigint NOT NULL REFERENCES "catalogue_cataloguemodule" ("id") DEFERRABLE INITIALLY DEFERRED);
INSERT INTO "inscription_modulechoisi" VALUES(1,1,1);
INSERT INTO "inscription_modulechoisi" VALUES(2,1,2);
INSERT INTO "inscription_modulechoisi" VALUES(3,1,3);
INSERT INTO "inscription_modulechoisi" VALUES(4,1,4);
INSERT INTO "inscription_modulechoisi" VALUES(5,1,5);
INSERT INTO "inscription_modulechoisi" VALUES(6,1,6);
INSERT INTO "inscription_modulechoisi" VALUES(7,1,7);
INSERT INTO "inscription_modulechoisi" VALUES(8,1,8);
INSERT INTO "inscription_modulechoisi" VALUES(9,1,9);
INSERT INTO "inscription_modulechoisi" VALUES(10,1,10);
INSERT INTO "inscription_modulechoisi" VALUES(11,1,11);
INSERT INTO "inscription_modulechoisi" VALUES(12,1,12);
INSERT INTO "inscription_modulechoisi" VALUES(13,2,2);
INSERT INTO "inscription_modulechoisi" VALUES(14,2,5);
INSERT INTO "inscription_modulechoisi" VALUES(15,2,7);
INSERT INTO "inscription_modulechoisi" VALUES(16,2,1);
INSERT INTO "inscription_modulechoisi" VALUES(17,2,3);
INSERT INTO "inscription_modulechoisi" VALUES(18,2,6);
INSERT INTO "inscription_modulechoisi" VALUES(19,2,8);
INSERT INTO "inscription_modulechoisi" VALUES(20,2,4);
INSERT INTO "inscription_modulechoisi" VALUES(21,2,10);
INSERT INTO "inscription_modulechoisi" VALUES(22,2,9);
INSERT INTO "inscription_modulechoisi" VALUES(23,3,1);
INSERT INTO "inscription_modulechoisi" VALUES(24,3,2);
INSERT INTO "inscription_modulechoisi" VALUES(25,3,3);
INSERT INTO "inscription_modulechoisi" VALUES(26,3,4);
INSERT INTO "inscription_modulechoisi" VALUES(27,3,5);
CREATE TABLE "notes_note" ("id" integer NOT NULL PRIMARY KEY AUTOINCREMENT, "valeur" decimal NOT NULL, "date_saisie" datetime NOT NULL, "categorie_evaluation_id" bigint NOT NULL REFERENCES "catalogue_categorieevaluation" ("id") DEFERRABLE INITIALLY DEFERRED, "module_choisi_id" bigint NOT NULL REFERENCES "inscription_modulechoisi" ("id") DEFERRABLE INITIALLY DEFERRED);
INSERT INTO "notes_note" VALUES(1,15,'2026-05-24 18:10:17.961632',1,1);
INSERT INTO "notes_note" VALUES(2,13.5,'2026-05-24 18:10:17.967634',2,1);
INSERT INTO "notes_note" VALUES(3,12,'2026-05-24 18:10:17.974630',3,2);
INSERT INTO "notes_note" VALUES(4,16,'2026-05-24 18:10:17.981631',5,2);
INSERT INTO "notes_note" VALUES(5,14,'2026-05-24 18:10:17.992640',1,16);
CREATE UNIQUE INDEX "auth_group_permissions_group_id_permission_id_0cd325b0_uniq" ON "auth_group_permissions" ("group_id", "permission_id");
CREATE INDEX "auth_group_permissions_group_id_b120cbf9" ON "auth_group_permissions" ("group_id");
CREATE INDEX "auth_group_permissions_permission_id_84c5c92e" ON "auth_group_permissions" ("permission_id");
CREATE UNIQUE INDEX "auth_user_groups_user_id_group_id_94350c0c_uniq" ON "auth_user_groups" ("user_id", "group_id");
CREATE INDEX "auth_user_groups_user_id_6a12ed8b" ON "auth_user_groups" ("user_id");
CREATE INDEX "auth_user_groups_group_id_97559544" ON "auth_user_groups" ("group_id");
CREATE UNIQUE INDEX "auth_user_user_permissions_user_id_permission_id_14a6b632_uniq" ON "auth_user_user_permissions" ("user_id", "permission_id");
CREATE INDEX "auth_user_user_permissions_user_id_a95ead1b" ON "auth_user_user_permissions" ("user_id");
CREATE INDEX "auth_user_user_permissions_permission_id_1fbb5f2c" ON "auth_user_user_permissions" ("permission_id");
CREATE INDEX "accounts_profile_tuteur_id_b92c1e89" ON "accounts_profile" ("tuteur_id");
CREATE INDEX "django_admin_log_content_type_id_c4bce8eb" ON "django_admin_log" ("content_type_id");
CREATE INDEX "django_admin_log_user_id_c564eba6" ON "django_admin_log" ("user_id");
CREATE UNIQUE INDEX "django_content_type_app_label_model_76bd3d3b_uniq" ON "django_content_type" ("app_label", "model");
CREATE UNIQUE INDEX "auth_permission_content_type_id_codename_01ab375a_uniq" ON "auth_permission" ("content_type_id", "codename");
CREATE INDEX "auth_permission_content_type_id_2f476e4b" ON "auth_permission" ("content_type_id");
CREATE UNIQUE INDEX "catalogue_categorieevaluation_nom_module_id_4679fde3_uniq" ON "catalogue_categorieevaluation" ("nom", "module_id");
CREATE INDEX "catalogue_categorieevaluation_module_id_c35859e5" ON "catalogue_categorieevaluation" ("module_id");
CREATE UNIQUE INDEX "inscription_inscription_etudiant_id_annee_academique_ceadec2c_uniq" ON "inscription_inscription" ("etudiant_id", "annee_academique");
CREATE INDEX "inscription_inscription_etudiant_id_71bfa958" ON "inscription_inscription" ("etudiant_id");
CREATE UNIQUE INDEX "inscription_modulechoisi_inscription_id_module_catalogue_id_a27d97ec_uniq" ON "inscription_modulechoisi" ("inscription_id", "module_catalogue_id");
CREATE INDEX "inscription_modulechoisi_inscription_id_a645503c" ON "inscription_modulechoisi" ("inscription_id");
CREATE INDEX "inscription_modulechoisi_module_catalogue_id_374fb634" ON "inscription_modulechoisi" ("module_catalogue_id");
CREATE UNIQUE INDEX "notes_note_module_choisi_id_categorie_evaluation_id_e87fb18d_uniq" ON "notes_note" ("module_choisi_id", "categorie_evaluation_id");
CREATE INDEX "notes_note_categorie_evaluation_id_e96b8214" ON "notes_note" ("categorie_evaluation_id");
CREATE INDEX "notes_note_module_choisi_id_e673836b" ON "notes_note" ("module_choisi_id");
CREATE INDEX "django_session_expire_date_a5c62663" ON "django_session" ("expire_date");
DELETE FROM "sqlite_sequence";
INSERT INTO "sqlite_sequence" VALUES('django_migrations',23);
INSERT INTO "sqlite_sequence" VALUES('django_admin_log',0);
INSERT INTO "sqlite_sequence" VALUES('django_content_type',12);
INSERT INTO "sqlite_sequence" VALUES('auth_permission',48);
INSERT INTO "sqlite_sequence" VALUES('auth_group',0);
INSERT INTO "sqlite_sequence" VALUES('auth_user',4);
INSERT INTO "sqlite_sequence" VALUES('accounts_profile',4);
INSERT INTO "sqlite_sequence" VALUES('catalogue_cataloguemodule',18);
INSERT INTO "sqlite_sequence" VALUES('catalogue_categorieevaluation',44);
INSERT INTO "sqlite_sequence" VALUES('inscription_inscription',3);
INSERT INTO "sqlite_sequence" VALUES('inscription_modulechoisi',27);
INSERT INTO "sqlite_sequence" VALUES('notes_note',5);
COMMIT;
