BEGIN TRANSACTION;
CREATE TABLE "accounts_profile" ("id" integer NOT NULL PRIMARY KEY AUTOINCREMENT, "role" varchar(10) NOT NULL, "tuteur_id" bigint NULL REFERENCES "accounts_profile" ("id") DEFERRABLE INITIALLY DEFERRED, "user_id" integer NOT NULL UNIQUE REFERENCES "auth_user" ("id") DEFERRABLE INITIALLY DEFERRED);
INSERT INTO "accounts_profile" VALUES(1,'tuteur',NULL,1);
INSERT INTO "accounts_profile" VALUES(2,'etudiant',1,2);
INSERT INTO "accounts_profile" VALUES(3,'etudiant',1,3);
INSERT INTO "accounts_profile" VALUES(4,'etudiant',1,4);
CREATE TABLE "auth_group" ("id" integer NOT NULL PRIMARY KEY AUTOINCREMENT, "name" varchar(150) NOT NULL UNIQUE);
CREATE TABLE "auth_group_permissions" ("id" integer NOT NULL PRIMARY KEY AUTOINCREMENT, "group_id" integer NOT NULL REFERENCES "auth_group" ("id") DEFERRABLE INITIALLY DEFERRED, "permission_id" integer NOT NULL REFERENCES "auth_permission" ("id") DEFERRABLE INITIALLY DEFERRED);
CREATE TABLE "auth_permission" ("id" integer NOT NULL PRIMARY KEY AUTOINCREMENT, "content_type_id" integer NOT NULL REFERENCES "django_content_type" ("id") DEFERRABLE INITIALLY DEFERRED, "codename" varchar(100) NOT NULL, "name" varchar(255) NOT NULL);
INSERT INTO "auth_permission" VALUES(1,1,'add_logentry','Can add log entry');
INSERT INTO "auth_permission" VALUES(2,1,'change_logentry','Can change log entry');
INSERT INTO "auth_permission" VALUES(3,1,'delete_logentry','Can delete log entry');
INSERT INTO "auth_permission" VALUES(4,1,'view_logentry','Can view log entry');
INSERT INTO "auth_permission" VALUES(5,2,'add_permission','Can add permission');
INSERT INTO "auth_permission" VALUES(6,2,'change_permission','Can change permission');
INSERT INTO "auth_permission" VALUES(7,2,'delete_permission','Can delete permission');
INSERT INTO "auth_permission" VALUES(8,2,'view_permission','Can view permission');
INSERT INTO "auth_permission" VALUES(9,3,'add_group','Can add group');
INSERT INTO "auth_permission" VALUES(10,3,'change_group','Can change group');
INSERT INTO "auth_permission" VALUES(11,3,'delete_group','Can delete group');
INSERT INTO "auth_permission" VALUES(12,3,'view_group','Can view group');
INSERT INTO "auth_permission" VALUES(13,4,'add_user','Can add user');
INSERT INTO "auth_permission" VALUES(14,4,'change_user','Can change user');
INSERT INTO "auth_permission" VALUES(15,4,'delete_user','Can delete user');
INSERT INTO "auth_permission" VALUES(16,4,'view_user','Can view user');
INSERT INTO "auth_permission" VALUES(17,5,'add_contenttype','Can add content type');
INSERT INTO "auth_permission" VALUES(18,5,'change_contenttype','Can change content type');
INSERT INTO "auth_permission" VALUES(19,5,'delete_contenttype','Can delete content type');
INSERT INTO "auth_permission" VALUES(20,5,'view_contenttype','Can view content type');
INSERT INTO "auth_permission" VALUES(21,6,'add_session','Can add session');
INSERT INTO "auth_permission" VALUES(22,6,'change_session','Can change session');
INSERT INTO "auth_permission" VALUES(23,6,'delete_session','Can delete session');
INSERT INTO "auth_permission" VALUES(24,6,'view_session','Can view session');
INSERT INTO "auth_permission" VALUES(25,7,'add_profile','Can add profile');
INSERT INTO "auth_permission" VALUES(26,7,'change_profile','Can change profile');
INSERT INTO "auth_permission" VALUES(27,7,'delete_profile','Can delete profile');
INSERT INTO "auth_permission" VALUES(28,7,'view_profile','Can view profile');
INSERT INTO "auth_permission" VALUES(29,8,'add_cataloguemodule','Can add Module du catalogue');
INSERT INTO "auth_permission" VALUES(30,8,'change_cataloguemodule','Can change Module du catalogue');
INSERT INTO "auth_permission" VALUES(31,8,'delete_cataloguemodule','Can delete Module du catalogue');
INSERT INTO "auth_permission" VALUES(32,8,'view_cataloguemodule','Can view Module du catalogue');
INSERT INTO "auth_permission" VALUES(33,9,'add_categorieevaluation','Can add Catégorie d''évaluation');
INSERT INTO "auth_permission" VALUES(34,9,'change_categorieevaluation','Can change Catégorie d''évaluation');
INSERT INTO "auth_permission" VALUES(35,9,'delete_categorieevaluation','Can delete Catégorie d''évaluation');
INSERT INTO "auth_permission" VALUES(36,9,'view_categorieevaluation','Can view Catégorie d''évaluation');
INSERT INTO "auth_permission" VALUES(37,10,'add_inscription','Can add Inscription');
INSERT INTO "auth_permission" VALUES(38,10,'change_inscription','Can change Inscription');
INSERT INTO "auth_permission" VALUES(39,10,'delete_inscription','Can delete Inscription');
INSERT INTO "auth_permission" VALUES(40,10,'view_inscription','Can view Inscription');
INSERT INTO "auth_permission" VALUES(41,11,'add_modulechoisi','Can add Module choisi');
INSERT INTO "auth_permission" VALUES(42,11,'change_modulechoisi','Can change Module choisi');
INSERT INTO "auth_permission" VALUES(43,11,'delete_modulechoisi','Can delete Module choisi');
INSERT INTO "auth_permission" VALUES(44,11,'view_modulechoisi','Can view Module choisi');
INSERT INTO "auth_permission" VALUES(45,12,'add_note','Can add Note');
INSERT INTO "auth_permission" VALUES(46,12,'change_note','Can change Note');
INSERT INTO "auth_permission" VALUES(47,12,'delete_note','Can delete Note');
INSERT INTO "auth_permission" VALUES(48,12,'view_note','Can view Note');
CREATE TABLE "auth_user" ("id" integer NOT NULL PRIMARY KEY AUTOINCREMENT, "password" varchar(128) NOT NULL, "last_login" datetime NULL, "is_superuser" bool NOT NULL, "username" varchar(150) NOT NULL UNIQUE, "last_name" varchar(150) NOT NULL, "email" varchar(254) NOT NULL, "is_staff" bool NOT NULL, "is_active" bool NOT NULL, "date_joined" datetime NOT NULL, "first_name" varchar(150) NOT NULL);
INSERT INTO "auth_user" VALUES(1,'pbkdf2_sha256$1000000$0zoMbVukAlrb9PvdHsulRe$c5qub5KxkOeZcLeVFEtCriC/66F1/giCX0b5JDTZ468=',NULL,0,'sami.sifi','','sami.sifi@esprit.tn',0,1,'2026-05-23 08:49:29.438743','');
INSERT INTO "auth_user" VALUES(2,'pbkdf2_sha256$1000000$YBY2FwRWgUcdEntPWDyhcv$/Rh77cI4/apayRYaCFIOT4hAekKOsCPQExeNZvM4mjE=',NULL,0,'ahmed.benali','','ahmed@esprit.tn',0,1,'2026-05-23 08:49:29.818910','');
INSERT INTO "auth_user" VALUES(3,'pbkdf2_sha256$1000000$UxTArKtKMC7BmisMQjzjQZ$766fKKjX/FWb/k/+lJY8i2q3Rj+tS7OcNLr+Z823Q6c=',NULL,0,'sarah.trabelsi','','sarah@esprit.tn',0,1,'2026-05-23 08:49:30.203612','');
INSERT INTO "auth_user" VALUES(4,'pbkdf2_sha256$1000000$zBNd95hoDsWM6eAQahF8Ob$QRFzJqyQppm0+MwT07bkqaTN9KXUfRhpstQknAiX5TY=',NULL,0,'mehdi.khalil','','mehdi@esprit.tn',0,1,'2026-05-23 08:49:30.592082','');
CREATE TABLE "auth_user_groups" ("id" integer NOT NULL PRIMARY KEY AUTOINCREMENT, "user_id" integer NOT NULL REFERENCES "auth_user" ("id") DEFERRABLE INITIALLY DEFERRED, "group_id" integer NOT NULL REFERENCES "auth_group" ("id") DEFERRABLE INITIALLY DEFERRED);
CREATE TABLE "auth_user_user_permissions" ("id" integer NOT NULL PRIMARY KEY AUTOINCREMENT, "user_id" integer NOT NULL REFERENCES "auth_user" ("id") DEFERRABLE INITIALLY DEFERRED, "permission_id" integer NOT NULL REFERENCES "auth_permission" ("id") DEFERRABLE INITIALLY DEFERRED);
CREATE TABLE "catalogue_cataloguemodule" ("id" integer NOT NULL PRIMARY KEY AUTOINCREMENT, "intitule" varchar(200) NOT NULL UNIQUE, "coefficient" integer unsigned NOT NULL CHECK ("coefficient" >= 0), "description" text NULL, "est_actif" bool NOT NULL);
INSERT INTO "catalogue_cataloguemodule" VALUES(1,'Introduction à l''IA',6,'Fondamentaux de l''intelligence artificielle',1);
INSERT INTO "catalogue_cataloguemodule" VALUES(2,'Django Avancé',8,'ORM, sécurité, déploiement',1);
INSERT INTO "catalogue_cataloguemodule" VALUES(3,'Base de données relationnelles',6,'SQL, modélisation, optimisation',1);
INSERT INTO "catalogue_cataloguemodule" VALUES(4,'Développement Frontend',5,'HTML, CSS, JavaScript, frameworks',1);
INSERT INTO "catalogue_cataloguemodule" VALUES(5,'Algorithmique et structures',7,'Algorithmes fondamentaux, complexité',1);
INSERT INTO "catalogue_cataloguemodule" VALUES(6,'Réseaux et sécurité',6,'Protocoles, sécurité des applications web',1);
INSERT INTO "catalogue_cataloguemodule" VALUES(7,'Génie logiciel',8,'Méthodes agiles, UML, gestion de projet',1);
INSERT INTO "catalogue_cataloguemodule" VALUES(8,'Statistiques et probabilités',5,'Analyse de données, probabilités',1);
INSERT INTO "catalogue_cataloguemodule" VALUES(9,'Anglais technique',4,'Communication professionnelle en anglais',1);
INSERT INTO "catalogue_cataloguemodule" VALUES(10,'Marketing digital',5,'SEO, SEA, stratégies digitales',1);
CREATE TABLE "catalogue_categorieevaluation" ("id" integer NOT NULL PRIMARY KEY AUTOINCREMENT, "nom" varchar(100) NOT NULL, "poids" integer unsigned NOT NULL CHECK ("poids" >= 0), "module_id" bigint NOT NULL REFERENCES "catalogue_cataloguemodule" ("id") DEFERRABLE INITIALLY DEFERRED);
INSERT INTO "catalogue_categorieevaluation" VALUES(1,'CC',40,1);
INSERT INTO "catalogue_categorieevaluation" VALUES(2,'EXAM',60,1);
INSERT INTO "catalogue_categorieevaluation" VALUES(3,'CC',40,2);
INSERT INTO "catalogue_categorieevaluation" VALUES(4,'EXAM',60,2);
INSERT INTO "catalogue_categorieevaluation" VALUES(5,'CC',40,3);
INSERT INTO "catalogue_categorieevaluation" VALUES(6,'EXAM',60,3);
INSERT INTO "catalogue_categorieevaluation" VALUES(7,'CC',40,4);
INSERT INTO "catalogue_categorieevaluation" VALUES(8,'EXAM',60,4);
INSERT INTO "catalogue_categorieevaluation" VALUES(9,'CC',40,5);
INSERT INTO "catalogue_categorieevaluation" VALUES(10,'EXAM',60,5);
INSERT INTO "catalogue_categorieevaluation" VALUES(11,'CC',40,6);
INSERT INTO "catalogue_categorieevaluation" VALUES(12,'EXAM',60,6);
INSERT INTO "catalogue_categorieevaluation" VALUES(13,'CC',40,7);
INSERT INTO "catalogue_categorieevaluation" VALUES(14,'EXAM',60,7);
INSERT INTO "catalogue_categorieevaluation" VALUES(15,'CC',40,8);
INSERT INTO "catalogue_categorieevaluation" VALUES(16,'EXAM',60,8);
INSERT INTO "catalogue_categorieevaluation" VALUES(17,'CC',40,9);
INSERT INTO "catalogue_categorieevaluation" VALUES(18,'EXAM',60,9);
INSERT INTO "catalogue_categorieevaluation" VALUES(19,'CC',40,10);
INSERT INTO "catalogue_categorieevaluation" VALUES(20,'EXAM',60,10);
CREATE TABLE "django_admin_log" ("id" integer NOT NULL PRIMARY KEY AUTOINCREMENT, "object_id" text NULL, "object_repr" varchar(200) NOT NULL, "action_flag" smallint unsigned NOT NULL CHECK ("action_flag" >= 0), "change_message" text NOT NULL, "content_type_id" integer NULL REFERENCES "django_content_type" ("id") DEFERRABLE INITIALLY DEFERRED, "user_id" integer NOT NULL REFERENCES "auth_user" ("id") DEFERRABLE INITIALLY DEFERRED, "action_time" datetime NOT NULL);
CREATE TABLE "django_content_type" ("id" integer NOT NULL PRIMARY KEY AUTOINCREMENT, "app_label" varchar(100) NOT NULL, "model" varchar(100) NOT NULL);
INSERT INTO "django_content_type" VALUES(1,'admin','logentry');
INSERT INTO "django_content_type" VALUES(2,'auth','permission');
INSERT INTO "django_content_type" VALUES(3,'auth','group');
INSERT INTO "django_content_type" VALUES(4,'auth','user');
INSERT INTO "django_content_type" VALUES(5,'contenttypes','contenttype');
INSERT INTO "django_content_type" VALUES(6,'sessions','session');
INSERT INTO "django_content_type" VALUES(7,'accounts','profile');
INSERT INTO "django_content_type" VALUES(8,'catalogue','cataloguemodule');
INSERT INTO "django_content_type" VALUES(9,'catalogue','categorieevaluation');
INSERT INTO "django_content_type" VALUES(10,'inscription','inscription');
INSERT INTO "django_content_type" VALUES(11,'inscription','modulechoisi');
INSERT INTO "django_content_type" VALUES(12,'notes','note');
CREATE TABLE "django_migrations" ("id" integer NOT NULL PRIMARY KEY AUTOINCREMENT, "app" varchar(255) NOT NULL, "name" varchar(255) NOT NULL, "applied" datetime NOT NULL);
INSERT INTO "django_migrations" VALUES(1,'contenttypes','0001_initial','2026-05-23 08:49:08.205112');
INSERT INTO "django_migrations" VALUES(2,'auth','0001_initial','2026-05-23 08:49:08.224876');
INSERT INTO "django_migrations" VALUES(3,'accounts','0001_initial','2026-05-23 08:49:08.242550');
INSERT INTO "django_migrations" VALUES(4,'admin','0001_initial','2026-05-23 08:49:08.259062');
INSERT INTO "django_migrations" VALUES(5,'admin','0002_logentry_remove_auto_add','2026-05-23 08:49:08.270755');
INSERT INTO "django_migrations" VALUES(6,'admin','0003_logentry_add_action_flag_choices','2026-05-23 08:49:08.280323');
INSERT INTO "django_migrations" VALUES(7,'contenttypes','0002_remove_content_type_name','2026-05-23 08:49:08.295863');
INSERT INTO "django_migrations" VALUES(8,'auth','0002_alter_permission_name_max_length','2026-05-23 08:49:08.305955');
INSERT INTO "django_migrations" VALUES(9,'auth','0003_alter_user_email_max_length','2026-05-23 08:49:08.319933');
INSERT INTO "django_migrations" VALUES(10,'auth','0004_alter_user_username_opts','2026-05-23 08:49:08.327935');
INSERT INTO "django_migrations" VALUES(11,'auth','0005_alter_user_last_login_null','2026-05-23 08:49:08.340982');
INSERT INTO "django_migrations" VALUES(12,'auth','0006_require_contenttypes_0002','2026-05-23 08:49:08.345999');
INSERT INTO "django_migrations" VALUES(13,'auth','0007_alter_validators_add_error_messages','2026-05-23 08:49:08.357335');
INSERT INTO "django_migrations" VALUES(14,'auth','0008_alter_user_username_max_length','2026-05-23 08:49:08.367864');
INSERT INTO "django_migrations" VALUES(15,'auth','0009_alter_user_last_name_max_length','2026-05-23 08:49:08.379926');
INSERT INTO "django_migrations" VALUES(16,'auth','0010_alter_group_name_max_length','2026-05-23 08:49:08.391471');
INSERT INTO "django_migrations" VALUES(17,'auth','0011_update_proxy_permissions','2026-05-23 08:49:08.399008');
INSERT INTO "django_migrations" VALUES(18,'auth','0012_alter_user_first_name_max_length','2026-05-23 08:49:08.411193');
INSERT INTO "django_migrations" VALUES(19,'catalogue','0001_initial','2026-05-23 08:49:08.423851');
INSERT INTO "django_migrations" VALUES(20,'inscription','0001_initial','2026-05-23 08:49:08.445620');
INSERT INTO "django_migrations" VALUES(21,'notes','0001_initial','2026-05-23 08:49:08.464183');
INSERT INTO "django_migrations" VALUES(22,'sessions','0001_initial','2026-05-23 08:49:08.477697');
CREATE TABLE "django_session" ("session_key" varchar(40) NOT NULL PRIMARY KEY, "session_data" text NOT NULL, "expire_date" datetime NOT NULL);
CREATE TABLE "inscription_inscription" ("id" integer NOT NULL PRIMARY KEY AUTOINCREMENT, "annee_academique" varchar(20) NOT NULL, "statut" varchar(12) NOT NULL, "date_creation" datetime NOT NULL, "etudiant_id" integer NOT NULL REFERENCES "auth_user" ("id") DEFERRABLE INITIALLY DEFERRED);
INSERT INTO "inscription_inscription" VALUES(1,'2025/2026','verrouillee','2026-05-23 08:49:31.162619',2);
INSERT INTO "inscription_inscription" VALUES(2,'2025/2026','verrouillee','2026-05-23 08:49:31.168616',3);
INSERT INTO "inscription_inscription" VALUES(3,'2025/2026','ouverte','2026-05-23 08:49:31.174711',4);
CREATE TABLE "inscription_modulechoisi" ("id" integer NOT NULL PRIMARY KEY AUTOINCREMENT, "inscription_id" bigint NOT NULL REFERENCES "inscription_inscription" ("id") DEFERRABLE INITIALLY DEFERRED, "module_catalogue_id" bigint NOT NULL REFERENCES "catalogue_cataloguemodule" ("id") DEFERRABLE INITIALLY DEFERRED);
INSERT INTO "inscription_modulechoisi" VALUES(1,1,1);
INSERT INTO "inscription_modulechoisi" VALUES(2,1,2);
INSERT INTO "inscription_modulechoisi" VALUES(3,1,3);
INSERT INTO "inscription_modulechoisi" VALUES(4,1,4);
INSERT INTO "inscription_modulechoisi" VALUES(5,1,5);
INSERT INTO "inscription_modulechoisi" VALUES(6,1,6);
INSERT INTO "inscription_modulechoisi" VALUES(7,1,7);
INSERT INTO "inscription_modulechoisi" VALUES(8,1,8);
INSERT INTO "inscription_modulechoisi" VALUES(9,1,9);
INSERT INTO "inscription_modulechoisi" VALUES(10,1,10);
INSERT INTO "inscription_modulechoisi" VALUES(11,2,2);
INSERT INTO "inscription_modulechoisi" VALUES(12,2,5);
INSERT INTO "inscription_modulechoisi" VALUES(13,2,7);
INSERT INTO "inscription_modulechoisi" VALUES(14,2,1);
INSERT INTO "inscription_modulechoisi" VALUES(15,2,3);
INSERT INTO "inscription_modulechoisi" VALUES(16,2,6);
INSERT INTO "inscription_modulechoisi" VALUES(17,2,8);
INSERT INTO "inscription_modulechoisi" VALUES(18,2,4);
INSERT INTO "inscription_modulechoisi" VALUES(19,2,10);
INSERT INTO "inscription_modulechoisi" VALUES(20,2,9);
INSERT INTO "inscription_modulechoisi" VALUES(21,3,1);
INSERT INTO "inscription_modulechoisi" VALUES(22,3,2);
INSERT INTO "inscription_modulechoisi" VALUES(23,3,3);
INSERT INTO "inscription_modulechoisi" VALUES(24,3,4);
INSERT INTO "inscription_modulechoisi" VALUES(25,3,5);
CREATE TABLE "notes_note" ("id" integer NOT NULL PRIMARY KEY AUTOINCREMENT, "valeur" decimal NOT NULL, "date_saisie" datetime NOT NULL, "categorie_evaluation_id" bigint NOT NULL REFERENCES "catalogue_categorieevaluation" ("id") DEFERRABLE INITIALLY DEFERRED, "module_choisi_id" bigint NOT NULL REFERENCES "inscription_modulechoisi" ("id") DEFERRABLE INITIALLY DEFERRED);
INSERT INTO "notes_note" VALUES(1,15,'2026-05-23 08:49:31.340013',1,1);
INSERT INTO "notes_note" VALUES(2,13.5,'2026-05-23 08:49:31.346000',2,1);
INSERT INTO "notes_note" VALUES(3,12,'2026-05-23 08:49:31.353535',3,2);
INSERT INTO "notes_note" VALUES(4,16,'2026-05-23 08:49:31.360663',4,2);
INSERT INTO "notes_note" VALUES(5,14,'2026-05-23 08:49:31.367182',1,14);
CREATE UNIQUE INDEX "auth_group_permissions_group_id_permission_id_0cd325b0_uniq" ON "auth_group_permissions" ("group_id", "permission_id");
CREATE INDEX "auth_group_permissions_group_id_b120cbf9" ON "auth_group_permissions" ("group_id");
CREATE INDEX "auth_group_permissions_permission_id_84c5c92e" ON "auth_group_permissions" ("permission_id");
CREATE UNIQUE INDEX "auth_user_groups_user_id_group_id_94350c0c_uniq" ON "auth_user_groups" ("user_id", "group_id");
CREATE INDEX "auth_user_groups_user_id_6a12ed8b" ON "auth_user_groups" ("user_id");
CREATE INDEX "auth_user_groups_group_id_97559544" ON "auth_user_groups" ("group_id");
CREATE UNIQUE INDEX "auth_user_user_permissions_user_id_permission_id_14a6b632_uniq" ON "auth_user_user_permissions" ("user_id", "permission_id");
CREATE INDEX "auth_user_user_permissions_user_id_a95ead1b" ON "auth_user_user_permissions" ("user_id");
CREATE INDEX "auth_user_user_permissions_permission_id_1fbb5f2c" ON "auth_user_user_permissions" ("permission_id");
CREATE INDEX "accounts_profile_tuteur_id_b92c1e89" ON "accounts_profile" ("tuteur_id");
CREATE INDEX "django_admin_log_content_type_id_c4bce8eb" ON "django_admin_log" ("content_type_id");
CREATE INDEX "django_admin_log_user_id_c564eba6" ON "django_admin_log" ("user_id");
CREATE UNIQUE INDEX "django_content_type_app_label_model_76bd3d3b_uniq" ON "django_content_type" ("app_label", "model");
CREATE UNIQUE INDEX "auth_permission_content_type_id_codename_01ab375a_uniq" ON "auth_permission" ("content_type_id", "codename");
CREATE INDEX "auth_permission_content_type_id_2f476e4b" ON "auth_permission" ("content_type_id");
CREATE UNIQUE INDEX "catalogue_categorieevaluation_nom_module_id_4679fde3_uniq" ON "catalogue_categorieevaluation" ("nom", "module_id");
CREATE INDEX "catalogue_categorieevaluation_module_id_c35859e5" ON "catalogue_categorieevaluation" ("module_id");
CREATE UNIQUE INDEX "inscription_inscription_etudiant_id_annee_academique_ceadec2c_uniq" ON "inscription_inscription" ("etudiant_id", "annee_academique");
CREATE INDEX "inscription_inscription_etudiant_id_71bfa958" ON "inscription_inscription" ("etudiant_id");
CREATE UNIQUE INDEX "inscription_modulechoisi_inscription_id_module_catalogue_id_a27d97ec_uniq" ON "inscription_modulechoisi" ("inscription_id", "module_catalogue_id");
CREATE INDEX "inscription_modulechoisi_inscription_id_a645503c" ON "inscription_modulechoisi" ("inscription_id");
CREATE INDEX "inscription_modulechoisi_module_catalogue_id_374fb634" ON "inscription_modulechoisi" ("module_catalogue_id");
CREATE UNIQUE INDEX "notes_note_module_choisi_id_categorie_evaluation_id_e87fb18d_uniq" ON "notes_note" ("module_choisi_id", "categorie_evaluation_id");
CREATE INDEX "notes_note_categorie_evaluation_id_e96b8214" ON "notes_note" ("categorie_evaluation_id");
CREATE INDEX "notes_note_module_choisi_id_e673836b" ON "notes_note" ("module_choisi_id");
CREATE INDEX "django_session_expire_date_a5c62663" ON "django_session" ("expire_date");
DELETE FROM "sqlite_sequence";
INSERT INTO "sqlite_sequence" VALUES('django_migrations',22);
INSERT INTO "sqlite_sequence" VALUES('django_admin_log',0);
INSERT INTO "sqlite_sequence" VALUES('django_content_type',12);
INSERT INTO "sqlite_sequence" VALUES('auth_permission',48);
INSERT INTO "sqlite_sequence" VALUES('auth_group',0);
INSERT INTO "sqlite_sequence" VALUES('auth_user',4);
INSERT INTO "sqlite_sequence" VALUES('accounts_profile',4);
INSERT INTO "sqlite_sequence" VALUES('catalogue_cataloguemodule',10);
INSERT INTO "sqlite_sequence" VALUES('catalogue_categorieevaluation',20);
INSERT INTO "sqlite_sequence" VALUES('inscription_inscription',3);
INSERT INTO "sqlite_sequence" VALUES('inscription_modulechoisi',25);
INSERT INTO "sqlite_sequence" VALUES('notes_note',5);
COMMIT;
